feature,importance
Age,0.24718124441476969
NumOfProducts,0.18214817898240776
IsActiveMember,0.12046902223157865
Balance,0.026658858222720537
Tenure,0.013109294071942012
CreditScore,0.00853271601336325
HasCrCard,0.004785538666821321
EstimatedSalary,0.0038903454680764503
